{
	"0" : 64,
	"1" : 32,
	"2" : 16,
	"3" : 8,
	"4" : 4,
	"5" : 2,
	"6" : 1.33333333,
	"7" : 1,
	"8" : 0.66666666,
	"9" : 0.5,
	"10" : 0.33333333,
	"11" : 0.25,
	"12" : 0.16666667,
	"13" : 0.125
}
